Placement of breakpoints	Deletion cases	Tandem duplication cases	Inversions cases
IGR1-IGR1	UL	UL	UL
IGR1-promoter	UL	UL	UL
IGR1-5'UTR	LL	UL	LL
IGR1-exon	LL	UL	LL
IGR1-intron	LL	UL	LL
IGR1-3'UTR	LL	UL	UL
IGR1-IGR2	LL	UL	UL
promoter-promoter	UL	UL	UL
promoter-5'UTR	LL	UL	LL
promoter-exon	LL	UL	LL
promoter-intron	LL	UL	LL
promoter-3'UTR	LL	UL	UL
promoter-IGR2	LL	UL	UL
5'UTR-5'UTR	UL	UL	UL
5'UTR-exon	LL	UL	LL
5'UTR-intron	LL	UL	LL
5'UTR-3'UTR	LL	UL	LL
5'UTR-IGR2	LL	UL	LL
exon-exon (in-frame)	LL	UL	LL
exon-exon (out-of-frame)	LL	LL	LL
exon-intron (in-frame)	LL	UL	LL
exon-intron (out-of-frame)	LL	LL	LL
exon-3'UTR	LL	UL	LL
exon-IGR2	LL	UL	LL
intron-intron (in-frame)	LL	UL	LL
intron-intron (out-of-frame)	LL	LL	LL
intron-intron (within same intron)	UL	UL	UL
intron-3'UTR	LL	UL	LL
intron-IGR2	LL	UL	LL
3'UTR-3'UTR	UL	UL	UL
3'UTR-IGR2	UL	UL	UL
IGR2-IGR2	UL	UL	UL
